Hong Kong International Airport   ,,,,,,,,,,,,,,,,,,,,
Civil International Air Transport,,,,,,,,,,,,,,,,,,,,
"Movements of Aircraft, Passenger and Freight",,,,,,,,,,,,,,,,,,,,
(1998 - 2020),,,,,,,,,,,,,,,,,,,,
,,,,,,,,,,,,,,,,,,,,
,,,,,,,,,,,,,,,,,,,,
,,,Aircraft,0,0,0,Passenger @,,,,Freight β (Tonne),,,,,,,,,
Year,Month,,Landing,Take-off,Total,"Year-on-year 
% change",Arrival,Departure,Total,"Year-on-year 
% change",Unloaded,Loaded,Total,"Year-on-year 
% change",,,,,,
1998,*,, 81 616  , 81 607  , 163 223  ,-1.2     ,13 634 989  ,13 573 803  ,27 208 792  ,-3.9     , 774 544 , 854 198 ,1 628 742 ,-8.8     ,,,,,,
1999,,, 83 686  , 83 683  , 167 369  ,+2.5     ,14 552 270  ,14 510 300  ,29 062 570  ,+6.8     , 841 161 ,1 133 130 ,1 974 291 ,+21.2     ,,,,,,
2000,,, 90 949  , 90 969  , 181 918  ,+8.7     ,16 112 065  ,16 018 647  ,32 130 712  ,+10.6     , 952 514 ,1 288 071 ,2 240 586 ,+13.5     ,,,,,,
2001,,, 98 415  , 98 402  , 196 817  ,+8.2     ,16 027 680  ,15 999 264  ,32 026 944  ,-0.3     , 893 935 ,1 180 398 ,2 074 333 ,-7.4     ,,,,,,
2002,,, 103 355  , 103 346  , 206 701  ,+5.0     ,16 772 252  ,16 679 320  ,33 451 572  ,+4.4     ,1 003 559 ,1 475 259 ,2 478 818 ,+19.5     ,,,,,,
2003,,, 93 748  , 93 759  , 187 507  ,-9.3     ,13 419 252  ,13 333 042  ,26 752 294  ,-20.0     ,1 035 198 ,1 606 905 ,2 642 103 ,+6.6     ,,,,,,
2004,,, 118 662  , 118 646  , 237 308  ,+26.6     ,18 283 151  ,18 003 491  ,36 286 642  ,+35.6     ,1 164 735 ,1 925 177 ,3 089 911 ,+16.9     ,,,,,,
2005,,, 131 759  , 131 745  , 263 504  ,+11.0     ,19 990 767  ,19 808 828  ,39 799 595  ,+9.7     ,1 245 966 ,2 156 284 ,3 402 250 ,+10.1     ,,,,,,
2006,,, 140 203  , 140 177  , 280 380  ,+6.4     ,21 726 748  ,21 546 922  ,43 273 670  ,+8.7     ,1 300 467 ,2 279 880 ,3 580 348 ,+5.2     ,,,,,,
2007,,, 147 675  , 147 657  , 295 332  ,+5.3     ,23 170 222  ,23 126 341  ,46 296 563  ,+7.0     ,1 352 087 ,2 389 949 ,3 742 037 ,+4.5     ,,,,,,
2008,,, 150 577  , 150 561  , 301 138  ,+2.0     ,23 533 393  ,23 605 099  ,47 138 492  ,+1.8     ,1 326 539 ,2 300 710 ,3 627 249 ,-3.1     ,,,,,,
2009,,, 139 715  , 139 686  , 279 401  ,-7.2     ,22 445 251  ,22 550 536  ,44 995 787  ,-4.5     ,1 263 234 ,2 084 013 ,3 347 246 ,-7.7     ,,,,,,
2010,,, 153 279  , 153 260  , 306 539  ,+9.7     ,24 787 150  ,24 988 002  ,49 775 152  ,+10.6     ,1 479 195 ,2 648 976 ,4 128 171 ,+23.3     ,,,,,,
2011,,, 166 919  , 166 887  , 333 806  ,+8.9     ,26 261 929  ,26 490 789  ,52 752 718  ,+6.0     ,1 442 252 ,2 495 773 ,3 938 025 ,-4.6     ,,,,,,
2012,,, 175 861  , 175 823  , 351 684  ,+5.4     ,27 694 115  ,27 961 568  ,55 655 683  ,+5.5     ,1 462 972 ,2 562 378 ,4 025 350 ,+2.2     ,,,,,,
2013,,, 186 048  , 186 032  , 372 080  ,+5.8     ,29 486 280  ,29 787 247  ,59 273 527  ,+6.5     ,1 488 324 ,2 638 789 ,4 127 113 ,+2.5     ,,,,,,
2014,,, 195 520  , 195 488  , 391 008  ,+5.1     ,31 308 655  ,31 592 369  ,62 901 024  ,+6.1     ,1 585 096 ,2 791 253 ,4 376 349 ,+6.0     ,,,,,,
2015,,, 203 043  , 203 005  , 406 048  ,+3.8     ,33 872 410  ,34 198 872  ,68 071 282  ,+8.2     ,1 596 231 ,2 783 908 ,4 380 139 ,+0.1     ,,,,,,
2016,,, 205 793  , 205 773  , 411 566  ,+1.4     ,34 932 225  ,35 165 991  ,70 098 216  ,+3.0     ,1 648 331 ,2 872 697 ,4 521 028 ,+3.2     ,,,,,,
2017,,, 210 339  , 210 320  , 420 659  ,+2.2     ,36 213 685  ,36 248 551  ,72 462 236  ,+3.4     ,1 723 901 ,3 213 528 ,4 937 429 ,+9.2     ,,,,,,
2018,,, 213 899  , 213 867  , 427 766  ,+1.7     ,37 182 732  ,37 177 097  ,74 359 829  ,+2.6     ,1 781 098 ,3 236 756 ,5 017 854 ,+1.6     ,,,,,,
2019,,, 209 904  , 209 891  , 419 795  ,-1.9     ,35 657 254  ,35 630 298  ,71 287 552  ,-4.1     ,1 606 820 ,3 096 769 ,4 703 590 ,-6.3     ,,,,,,
2020,# ¶,, 47 109  , 47 014  , 94 123  ,-55.8     ,4 214 233  ,4 066 837  ,8 281 070  ,-78.0     , 676 497 ,1 358 613  ,2 035 111  ,-9.3     ,,,,,,
,,,,,,,,,,,,,,,,,,,,
1998,Jan,, 7 032  , 7 029  , 14 061  ,+2.6     ,1 029 744  ,1 200 708  ,2 230 452  ,-5.9     , 61 132 , 64 242 , 125 375 ,-1.8     ,,,,,,
,Feb,, 6 078  , 6 074  , 12 152  ,-4.6     ,1 091 947  , 913 061  ,2 005 008  ,-18.4     , 62 001 , 51 141 , 113 142 ,+11.0     ,,,,,,
,Mar,, 6 584  , 6 585  , 13 169  ,-6.1     ,1 070 547  ,1 099 234  ,2 169 781  ,-16.8     , 75 231 , 79 156 , 154 386 ,+0.3     ,,,,,,
,Apr,, 6 704  , 6 701  , 13 405  ,-2.1     ,1 184 956  ,1 151 549  ,2 336 505  ,-9.5     , 69 404 , 70 065 , 139 469 ,-5.8     ,,,,,,
,May,, 6 786  , 6 784  , 13 570  ,-1.9     ,1 051 369  ,1 077 758  ,2 129 127  ,-12.3     , 72 498 , 70 479 , 142 977 ,-2.2     ,,,,,,
,Jun,, 6 546  , 6 549  , 13 095  ,-2.6     ,1 085 690  ,1 085 479  ,2 171 169  ,-0.8     , 69 156 , 68 917 , 138 073 ,-5.0     ,,,,,,
,Jul,*, 6 944  , 6 947  , 13 891  ,-1.3     ,1 203 855  ,1 238 250  ,2 442 105  ,+6.7     , 45 968 , 49 252 , 95 221 ,-37.7     ,,,,,,
,Aug,, 7 195  , 7 194  , 14 389  ,+2.5     ,1 334 642  ,1 269 286  ,2 603 928  ,+1.2     , 56 173 , 64 362 , 120 534 ,-21.3     ,,,,,,
,Sep,, 6 826  , 6 828  , 13 654  ,-0.5     ,1 021 237  ,1 097 754  ,2 118 991  ,-0.2     , 61 249 , 78 228 , 139 477 ,-12.4     ,,,,,,
,Oct,, 7 127  , 7 112  , 14 239  ,+1.0     ,1 246 202  ,1 173 786  ,2 419 988  ,+5.0     , 66 381 , 88 081 , 154 462 ,-10.3     ,,,,,,
,Nov,, 6 737  , 6 741  , 13 478  ,-1.6     ,1 095 185  ,1 062 187  ,2 157 372  ,+2.5     , 66 855 , 90 629 , 157 485 ,-8.0     ,,,,,,
,Dec,, 7 057  , 7 063  , 14 120  ,+0.2     ,1 219 615  ,1 204 751  ,2 424 366  ,+5.8     , 68 496 , 79 644 , 148 141 ,-4.1     ,,,,,,
1999,Jan,, 6 803  , 6 809  , 13 612  ,-3.2     ,1 072 733  ,1 080 788  ,2 153 521  ,-3.4     , 62 389 , 71 177 , 133 566 ,+6.5     ,,,,,,
,Feb,, 6 619  , 6 615  , 13 234  ,+8.9     ,1 165 738  ,1 177 213  ,2 342 951  ,+16.9     , 56 367 , 60 932 , 117 299 ,+3.7     ,,,,,,
,Mar,, 6 904  , 6 919  , 13 823  ,+5.0     ,1 141 608  ,1 158 939  ,2 300 547  ,+6.0     , 70 664 , 86 221 , 156 884 ,+1.6     ,,,,,,
,Apr,, 6 994  , 6 995  , 13 989  ,+4.4     ,1 266 402  ,1 222 643  ,2 489 045  ,+6.5     , 67 720 , 88 335 , 156 054 ,+11.9     ,,,,,,
,May,, 6 960  , 6 935  , 13 895  ,+2.4     ,1 156 803  ,1 163 977  ,2 320 780  ,+9.0     , 71 316 , 87 789 , 159 105 ,+11.3     ,,,,,,
,Jun,, 6 626  , 6 651  , 13 277  ,+1.4     ,1 110 030  ,1 135 203  ,2 245 233  ,+3.4     , 66 394 , 85 257 , 151 651 ,+9.8     ,,,,,,
,Jul,, 7 144  , 7 145  , 14 289  ,+2.9     ,1 330 977  ,1 369 445  ,2 700 422  ,+10.6     , 70 096 , 95 223 , 165 319 ,+73.6     ,,,,,,
,Aug,, 7 174  , 7 169  , 14 343  ,-0.3     ,1 408 157  ,1 339 286  ,2 747 443  ,+5.5     , 65 910 , 96 744 , 162 654 ,+34.9     ,,,,,,
,Sep,, 6 803  , 6 805  , 13 608  ,-0.3     ,1 113 918  ,1 153 682  ,2 267 600  ,+7.0     , 69 492 , 104 617 , 174 108 ,+24.8     ,,,,,,
,Oct,, 7 266  , 7 264  , 14 530  ,+2.0     ,1 316 375  ,1 277 962  ,2 594 337  ,+7.2     , 80 596 , 119 429 , 200 025 ,+29.5     ,,,,,,
,Nov,, 7 078  , 7 081  , 14 159  ,+5.1     ,1 235 095  ,1 217 614  ,2 452 709  ,+13.7     , 77 657 , 125 220 , 202 877 ,+28.8     ,,,,,,
,Dec,, 7 315  , 7 295  , 14 610  ,+3.5     ,1 234 434  ,1 213 548  ,2 447 982  ,+1.0     , 82 560 , 112 188 , 194 749 ,+31.5     ,,,,,,
2000,Jan,, 6 908  , 6 926  , 13 834  ,+1.6     ,1 125 875  ,1 166 816  ,2 292 691  ,+6.5     , 71 559 , 90 464 , 162 022 ,+21.3     ,,,,,,
,Feb,, 7 010  , 7 014  , 14 024  ,+6.0     ,1 305 123  ,1 233 741  ,2 538 864  ,+8.4     , 61 923 , 74 265 , 136 187 ,+16.1     ,,,,,,
,Mar,, 7 306  , 7 306  , 14 612  ,+5.7     ,1 252 303  ,1 260 248  ,2 512 551  ,+9.2     , 80 416 , 114 821 , 195 237 ,+24.4     ,,,,,,
,Apr,, 7 445  , 7 445  , 14 890  ,+6.4     ,1 433 209  ,1 445 557  ,2 878 766  ,+15.7     , 79 007 , 107 336 , 186 342 ,+19.4     ,,,,,,
,May,, 7 531  , 7 538  , 15 069  ,+8.4     ,1 330 375  ,1 322 463  ,2 652 838  ,+14.3     , 77 890 , 103 515 , 181 405 ,+14.0     ,,,,,,
,Jun,, 7 318  , 7 321  , 14 639  ,+10.3     ,1 310 638  ,1 320 560  ,2 631 198  ,+17.2     , 79 055 , 101 523 , 180 578 ,+19.1     ,,,,,,
,Jul,, 7 758  , 7 737  , 15 495  ,+8.4     ,1 450 450  ,1 484 304  ,2 934 754  ,+8.7     , 81 179 , 107 739 , 188 918 ,+14.3     ,,,,,,
,Aug,, 7 928  , 7 938  , 15 866  ,+10.6     ,1 525 680  ,1 452 082  ,2 977 762  ,+8.4     , 79 036 , 109 116 , 188 152 ,+15.7     ,,,,,,
,Sep,, 7 761  , 7 765  , 15 526  ,+14.1     ,1 315 969  ,1 376 089  ,2 692 058  ,+18.7     , 85 060 , 117 433 , 202 494 ,+16.3     ,,,,,,
,Oct,, 8 116  , 8 087  , 16 203  ,+11.5     ,1 429 783  ,1 379 342  ,2 809 125  ,+8.3     , 84 840 , 125 315 , 210 155 ,+5.1     ,,,,,,
,Nov,, 7 803  , 7 816  , 15 619  ,+10.3     ,1 274 250  ,1 247 394  ,2 521 644  ,+2.8     , 85 296 , 129 237 , 214 533 ,+5.7     ,,,,,,
,Dec,, 8 065  , 8 076  , 16 141  ,+10.5     ,1 358 410  ,1 330 051  ,2 688 461  ,+9.8     , 87 253 , 107 309 , 194 562 ,-0.1     ,,,,,,
2001,Jan,, 8 228  , 8 229  , 16 457  ,+19.0     ,1 331 381  ,1 419 393  ,2 750 774  ,+20.0     , 65 479 , 77 491 , 142 970 ,-11.8     ,,,,,,
,Feb,, 7 091  , 7 098  , 14 189  ,+1.2     ,1 175 217  ,1 090 521  ,2 265 738  ,-10.8     , 70 601 , 80 263 , 150 864 ,+10.8     ,,,,,,
,Mar,, 8 170  , 8 169  , 16 339  ,+11.8     ,1 416 898  ,1 416 302  ,2 833 200  ,+12.8     , 81 772 , 106 799 , 188 571 ,-3.4     ,,,,,,
,Apr,, 8 327  , 8 322  , 16 649  ,+11.8     ,1 425 368  ,1 473 037  ,2 898 405  ,+0.7     , 74 299 , 90 546 , 164 845 ,-11.5     ,,,,,,
,May,, 8 410  , 8 402  , 16 812  ,+11.6     ,1 356 892  ,1 323 266  ,2 680 158  ,+1.0     , 73 159 , 85 913 , 159 071 ,-12.3     ,,,,,,
,Jun,, 8 227  , 8 233  , 16 460  ,+12.4     ,1 358 268  ,1 393 481  ,2 751 749  ,+4.6     , 75 419 , 88 867 , 164 286 ,-9.0     ,,,,,,
,Jul,, 8 379  , 8 368  , 16 747  ,+8.1     ,1 389 017  ,1 408 658  ,2 797 675  ,-4.7     , 72 311 , 89 937 , 162 248 ,-14.1     ,,,,,,
,Aug,, 8 602  , 8 607  , 17 209  ,+8.5     ,1 540 111  ,1 487 073  ,3 027 184  ,+1.7     , 70 463 , 97 253 , 167 716 ,-10.9     ,,,,,,
,Sep,, 8 295  , 8 290  , 16 585  ,+6.8     ,1 218 047  ,1 290 859  ,2 508 906  ,-6.8     , 77 194 , 105 242 , 182 436 ,-9.9     ,,,,,,
,Oct,, 8 475  , 8 474  , 16 949  ,+4.6     ,1 289 195  ,1 207 694  ,2 496 889  ,-11.1     , 76 396 , 122 144 , 198 540 ,-5.5     ,,,,,,
,Nov,, 7 932  , 7 929  , 15 861  ,+1.5     ,1 168 502  ,1 152 605  ,2 321 107  ,-8.0     , 77 284 , 126 505 , 203 789 ,-5.0     ,,,,,,
,Dec,, 8 279  , 8 281  , 16 560  ,+2.6     ,1 358 784  ,1 336 375  ,2 695 159  ,+0.2     , 79 558 , 109 438 , 188 996 ,-2.9     ,,,,,,
2002,Jan,, 7 921  , 7 925  , 15 846  ,-3.7     ,1 216 709  ,1 216 682  ,2 433 391  ,-11.5     , 71 385 , 95 303 , 166 688 ,+16.6     ,,,,,,
,Feb,, 7 687  , 7 682  , 15 369  ,+8.3     ,1 328 364  ,1 309 146  ,2 637 510  ,+16.4     , 67 339 , 81 702 , 149 040 ,-1.2     ,,,,,,
,Mar,, 8 340  , 8 348  , 16 688  ,+2.1     ,1 384 018  ,1 485 728  ,2 869 746  ,+1.3     , 86 461 , 125 499 , 211 960 ,+12.4     ,,,,,,
,Apr,, 8 375  , 8 369  , 16 744  ,+0.6     ,1 475 597  ,1 392 442  ,2 868 039  ,-1.0     , 81 233 , 115 705 , 196 938 ,+19.5     ,,,,,,
,May,, 8 509  , 8 512  , 17 021  ,+1.2     ,1 374 134  ,1 368 024  ,2 742 158  ,+2.3     , 84 516 , 113 675 , 198 192 ,+24.6     ,,,,,,
,Jun,, 8 308  , 8 302  , 16 610  ,+0.9     ,1 290 681  ,1 313 620  ,2 604 301  ,-5.4     , 86 755 , 118 435 , 205 190 ,+24.9     ,,,,,,
,Jul,, 8 803  , 8 814  , 17 617  ,+5.2     ,1 466 811  ,1 485 923  ,2 952 734  ,+5.5     , 84 937 , 123 822 , 208 759 ,+28.7     ,,,,,,
,Aug,, 9 162  , 9 161  , 18 323  ,+6.5     ,1 588 865  ,1 522 140  ,3 111 005  ,+2.8     , 83 356 , 124 275 , 207 631 ,+23.8     ,,,,,,
,Sep,, 8 795  , 8 798  , 17 593  ,+6.1     ,1 322 969  ,1 364 733  ,2 687 702  ,+7.1     , 85 333 , 132 405 , 217 738 ,+19.4     ,,,,,,
,Oct,, 9 361  , 9 346  , 18 707  ,+10.4     ,1 505 215  ,1 446 619  ,2 951 834  ,+18.2     , 90 907 , 158 398 , 249 305 ,+25.6     ,,,,,,
,Nov,, 8 997  , 8 999  , 17 996  ,+13.5     ,1 354 986  ,1 331 352  ,2 686 338  ,+15.7     , 91 908 , 160 401 , 252 310 ,+23.8     ,,,,,,
,Dec,, 9 097  , 9 090  , 18 187  ,+9.8     ,1 463 903  ,1 442 911  ,2 906 814  ,+7.9     , 89 428 , 125 639 , 215 067 ,+13.8     ,,,,,,
2003,Jan,, 9 073  , 9 073  , 18 146  ,+14.5     ,1 301 159  ,1 443 118  ,2 744 277  ,+12.8     , 80 704 , 117 405 , 198 108 ,+18.8     ,,,,,,
,Feb,, 8 314  , 8 317  , 16 631  ,+8.2     ,1 401 770  ,1 229 888  ,2 631 658  ,-0.2     , 72 053 , 87 920 , 159 973 ,+7.3     ,,,,,,
,Mar,, 9 049  , 9 059  , 18 108  ,+8.5     ,1 200 309  ,1 253 754  ,2 454 063  ,-14.5     , 92 566 , 143 878 , 236 444 ,+11.6     ,,,,,,
,Apr,, 6 069  , 6 064  , 12 133  ,-27.5     , 419 307  , 473 589  , 892 896  ,-68.9     , 80 963 , 122 253 , 203 216 ,+3.2     ,,,,,,
,May,, 4 316  , 4 313  , 8 629  ,-49.3     , 276 938  , 279 129  , 556 067  ,-79.7     , 81 695 , 119 034 , 200 730 ,+1.3     ,,,,,,
,Jun,, 4 755  , 4 752  , 9 507  ,-42.8     , 565 475  , 567 385  ,1 132 860  ,-56.5     , 82 458 , 118 915 , 201 373 ,-1.9     ,,,,,,
,Jul,, 7 093  , 7 095  , 14 188  ,-19.5     ,1 203 133  ,1 198 583  ,2 401 716  ,-18.7     , 84 335 , 126 918 , 211 253 ,+1.2     ,,,,,,
,Aug,, 8 463  , 8 460  , 16 923  ,-7.6     ,1 509 449  ,1 430 921  ,2 940 370  ,-5.5     , 85 054 , 134 104 , 219 158 ,+5.6     ,,,,,,
,Sep,, 8 477  , 8 479  , 16 956  ,-3.6     ,1 282 265  ,1 309 868  ,2 592 133  ,-3.6     , 89 408 , 145 534 , 234 942 ,+7.9     ,,,,,,
,Oct,, 9 374  , 9 370  , 18 744  ,+0.2     ,1 432 563  ,1 375 288  ,2 807 851  ,-4.9     , 93 022 , 167 957 , 260 979 ,+4.7     ,,,,,,
,Nov,, 9 272  , 9 275  , 18 547  ,+3.1     ,1 355 812  ,1 326 757  ,2 682 569  ,-0.1     , 95 410 , 172 388 , 267 798 ,+6.1     ,,,,,,
,Dec,, 9 493  , 9 502  , 18 995  ,+4.4     ,1 471 072  ,1 444 762  ,2 915 834  ,+0.3     , 97 529 , 150 598 , 248 128 ,+15.4     ,,,,,,
2004,Jan,, 9 656  , 9 650  , 19 306  ,+6.4     ,1 462 011  ,1 502 530  ,2 964 541  ,+8.0     , 80 533 , 116 498 , 197 032 ,-0.5     ,,,,,,
,Feb,, 8 605  , 8 597  , 17 202  ,+3.4     ,1 212 443  ,1 133 189  ,2 345 632  ,-10.9     , 90 381 , 132 537 , 222 918 ,+39.3     ,,,,,,
,Mar,, 9 582  , 9 589  , 19 171  ,+5.9     ,1 389 324  ,1 369 687  ,2 759 011  ,+12.4     , 100 376 , 169 473 , 269 849 ,+14.1     ,,,,,,
,Apr,, 9 842  , 9 842  , 19 684  ,+62.2     ,1 538 619  ,1 500 544  ,3 039 163  ,+240.4     , 94 557 , 153 836 , 248 393 ,+22.2     ,,,,,,
,May,, 9 763  , 9 763  , 19 526  ,+126.3     ,1 375 639  ,1 379 485  ,2 755 124  ,+395.5     , 98 580 , 147 313 , 245 894 ,+22.5     ,,,,,,
,Jun,, 9 629  , 9 625  , 19 254  ,+102.5     ,1 513 929  ,1 495 996  ,3 009 925  ,+165.7     , 98 863 , 149 670 , 248 533 ,+23.4     ,,,,,,
,Jul,, 10 203  , 10 200  , 20 403  ,+43.8     ,1 678 414  ,1 677 102  ,3 355 516  ,+39.7     , 100 383 , 156 743 , 257 126 ,+21.7     ,,,,,,
,Aug,, 10 282  , 10 278  , 20 560  ,+21.5     ,1 749 152  ,1 676 775  ,3 425 927  ,+16.5     , 92 807 , 161 679 , 254 485 ,+16.1     ,,,,,,
,Sep,, 10 024  , 10 034  , 20 058  ,+18.3     ,1 453 376  ,1 527 031  ,2 980 407  ,+15.0     , 101 489 , 175 726 , 277 215 ,+18.0     ,,,,,,
,Oct,, 10 555  , 10 543  , 21 098  ,+12.6     ,1 702 428  ,1 594 733  ,3 297 161  ,+17.4     , 103 077 , 190 806 , 293 883 ,+12.6     ,,,,,,
,Nov,, 10 104  , 10 106  , 20 210  ,+9.0     ,1 561 870  ,1 534 137  ,3 096 007  ,+15.4     , 98 732 , 196 427 , 295 159 ,+10.2     ,,,,,,
,Dec,, 10 417  , 10 419  , 20 836  ,+9.7     ,1 645 946  ,1 612 282  ,3 258 228  ,+11.7     , 104 957 , 174 467 , 279 425 ,+12.6     ,,,,,,
2005,Jan,, 10 173  , 10 168  , 20 341  ,+5.4     ,1 467 450  ,1 471 398  ,2 938 848  ,-0.9     , 93 084 , 154 030 , 247 115 ,+25.4     ,,,,,,
,Feb,, 9 563  , 9 569  , 19 132  ,+11.2     ,1 536 135  ,1 491 777  ,3 027 912  ,+29.1     , 82 848 , 121 763 , 204 611 ,-8.2     ,,,,,,
,Mar,, 10 663  , 10 656  , 21 319  ,+11.2     ,1 600 054  ,1 647 708  ,3 247 762  ,+17.7     , 105 221 , 185 691 , 290 913 ,+7.8     ,,,,,,
,Apr,, 10 658  , 10 664  , 21 322  ,+8.3     ,1 655 053  ,1 611 318  ,3 266 371  ,+7.5     , 103 219 , 182 117 , 285 336 ,+14.9     ,,,,,,
,May,, 10 832  , 10 830  , 21 662  ,+10.9     ,1 623 554  ,1 624 951  ,3 248 505  ,+17.9     , 102 490 , 168 390 , 270 880 ,+10.2     ,,,,,,
,Jun,, 10 670  , 10 664  , 21 334  ,+10.8     ,1 611 684  ,1 607 484  ,3 219 168  ,+7.0     , 104 865 , 175 059 , 279 924 ,+12.6     ,,,,,,
,Jul,, 11 369  , 11 368  , 22 737  ,+11.4     ,1 837 625  ,1 856 694  ,3 694 319  ,+10.1     , 107 584 , 182 618 , 290 201 ,+12.9     ,,,,,,
,Aug,, 11 497  , 11 484  , 22 981  ,+11.8     ,1 866 146  ,1 793 787  ,3 659 933  ,+6.8     , 102 913 , 179 431 , 282 344 ,+10.9     ,,,,,,
,Sep,, 11 310  , 11 329  , 22 639  ,+12.9     ,1 603 116  ,1 626 113  ,3 229 229  ,+8.3     , 109 513 , 193 985 , 303 498 ,+9.5     ,,,,,,
,Oct,, 11 830  , 11 817  , 23 647  ,+12.1     ,1 775 323  ,1 716 958  ,3 492 281  ,+5.9     , 110 050 , 208 110 , 318 160 ,+8.3     ,,,,,,
,Nov,, 11 454  , 11 460  , 22 914  ,+13.4     ,1 652 645  ,1 634 383  ,3 287 028  ,+6.2     , 107 843 , 211 245 , 319 088 ,+8.1     ,,,,,,
,Dec,, 11 740  , 11 736  , 23 476  ,+12.7     ,1 761 982  ,1 726 257  ,3 488 239  ,+7.1     , 116 336 , 193 844 , 310 181 ,+11.0     ,,,,,,
2006,Jan,, 11 559  , 11 552  , 23 111  ,+13.6     ,1 613 628  ,1 782 586  ,3 396 214  ,+15.6     , 98 036 , 171 240 , 269 275 ,+9.0     ,,,,,,
,Feb,, 10 327  , 10 336  , 20 663  ,+8.0     ,1 692 003  ,1 490 459  ,3 182 462  ,+5.1     , 93 641 , 130 543 , 224 184 ,+9.6     ,,,,,,
,Mar,, 11 798  , 11 783  , 23 581  ,+10.6     ,1 736 965  ,1 706 518  ,3 443 483  ,+6.0     , 113 324 , 207 062 , 320 386 ,+10.1     ,,,,,,
,Apr,, 11 766  , 11 770  , 23 536  ,+10.4     ,1 858 407  ,1 860 444  ,3 718 851  ,+13.9     , 106 566 , 188 412 , 294 978 ,+3.4     ,,,,,,
,May,, 11 627  , 11 628  , 23 255  ,+7.4     ,1 731 123  ,1 726 936  ,3 458 059  ,+6.5     , 105 954 , 177 630 , 283 584 ,+4.7     ,,,,,,
,Jun,, 11 442  , 11 445  , 22 887  ,+7.3     ,1 782 229  ,1 752 060  ,3 534 289  ,+9.8     , 107 976 , 181 798 , 289 774 ,+3.5     ,,,,,,
,Jul,, 11 967  , 11 968  , 23 935  ,+5.3     ,1 985 718  ,2 022 168  ,4 007 886  ,+8.5     , 109 369 , 183 936 , 293 305 ,+1.1     ,,,,,,
,Aug,, 11 865  , 11 867  , 23 732  ,+3.3     ,2 029 039  ,1 958 882  ,3 987 921  ,+9.0     , 104 689 , 188 487 , 293 176 ,+3.8     ,,,,,,
,Sep,, 11 658  , 11 641  , 23 299  ,+2.9     ,1 685 220  ,1 750 234  ,3 435 454  ,+6.4     , 114 225 , 206 903 , 321 129 ,+5.8     ,,,,,,
,Oct,, 12 201  , 12 204  , 24 405  ,+3.2     ,1 917 065  ,1 851 078  ,3 768 143  ,+7.9     , 113 091 , 215 110 , 328 201 ,+3.2     ,,,,,,
,Nov,, 11 879  , 11 872  , 23 751  ,+3.7     ,1 790 379  ,1 765 254  ,3 555 633  ,+8.2     , 115 482 , 227 231 , 342 714 ,+7.4     ,,,,,,
,Dec,, 12 114  , 12 111  , 24 225  ,+3.2     ,1 904 972  ,1 880 303  ,3 785 275  ,+8.5     , 118 115 , 201 528 , 319 643 ,+3.1     ,,,,,,
2007,Jan,, 11 773  , 11 776  , 23 549  ,+1.9     ,1 686 567  ,1 693 698  ,3 380 265  ,-0.5     , 101 067 , 169 711 , 270 778 ,+0.6     ,,,,,,
,Feb,, 11 138  , 11 128  , 22 266  ,+7.8     ,1 744 611  ,1 781 873  ,3 526 484  ,+10.8     , 90 390 , 144 550 , 234 940 ,+4.8     ,,,,,,
,Mar,, 12 056  , 12 048  , 24 104  ,+2.2     ,1 870 849  ,1 835 500  ,3 706 349  ,+7.6     , 113 910 , 189 352 , 303 261 ,-5.3     ,,,,,,
,Apr,, 12 212  , 12 219  , 24 431  ,+3.8     ,1 962 130  ,1 964 932  ,3 927 062  ,+5.6     , 105 276 , 193 026 , 298 302 ,+1.1     ,,,,,,
,May,, 12 371  , 12 370  , 24 741  ,+6.4     ,1 849 159  ,1 841 896  ,3 691 055  ,+6.7     , 107 984 , 186 240 , 294 224 ,+3.8     ,,,,,,
,Jun,, 12 085  , 12 076  , 24 161  ,+5.6     ,1 866 715  ,1 893 134  ,3 759 849  ,+6.4     , 113 950 , 190 823 , 304 773 ,+5.2     ,,,,,,
,Jul,, 12 682  , 12 682  , 25 364  ,+6.0     ,2 111 548  ,2 139 297  ,4 250 845  ,+6.1     , 115 394 , 199 425 , 314 819 ,+7.3     ,,,,,,
,Aug,, 12 776  , 12 778  , 25 554  ,+7.7     ,2 171 869  ,2 119 135  ,4 291 004  ,+7.6     , 116 614 , 206 857 , 323 471 ,+10.3     ,,,,,,
,Sep,, 12 328  , 12 328  , 24 656  ,+5.8     ,1 815 579  ,1 886 211  ,3 701 790  ,+7.8     , 121 428 , 221 153 , 342 581 ,+6.7     ,,,,,,
,Oct,, 12 891  , 12 878  , 25 769  ,+5.6     ,2 045 663  ,1 967 421  ,4 013 084  ,+6.5     , 120 801 , 231 793 , 352 595 ,+7.4     ,,,,,,
,Nov,, 12 567  , 12 566  , 25 133  ,+5.8     ,1 973 422  ,1 946 694  ,3 920 116  ,+10.3     , 121 881 , 242 186 , 364 067 ,+6.2     ,,,,,,
,Dec,, 12 796  , 12 808  , 25 604  ,+5.7     ,2 072 110  ,2 056 550  ,4 128 660  ,+9.1     , 123 393 , 214 833 , 338 227 ,+5.8     ,,,,,,
2008,Jan,, 12 377  , 12 375  , 24 752  ,+5.1     ,1 895 369  ,1 954 482  ,3 849 851  ,+13.9     , 112 202 , 183 227 , 295 429 ,+9.1     ,,,,,,
,Feb,, 11 869  , 11 852  , 23 721  ,+6.5     ,1 914 806  ,1 866 881  ,3 781 687  ,+7.2     , 99 485 , 147 009 , 246 494 ,+4.9     ,,,,,,
,Mar,, 12 855  , 12 868  , 25 723  ,+6.7     ,2 048 338  ,2 070 194  ,4 118 532  ,+11.1     , 120 054 , 214 142 , 334 196 ,+10.2     ,,,,,,
,Apr,, 12 515  , 12 500  , 25 015  ,+2.4     ,1 971 341  ,1 971 196  ,3 942 537  ,+0.4     , 115 204 , 205 168 , 320 372 ,+7.4     ,,,,,,
,May,, 12 894  , 12 891  , 25 785  ,+4.2     ,1 989 197  ,2 018 584  ,4 007 781  ,+8.6     , 117 341 , 196 866 , 314 207 ,+6.8     ,,,,,,
,Jun,, 12 405  , 12 402  , 24 807  ,+2.7     ,1 971 715  ,1 988 285  ,3 960 000  ,+5.3     , 115 362 , 196 501 , 311 863 ,+2.3     ,,,,,,
,Jul,, 12 936  , 12 945  , 25 881  ,+2.0     ,2 135 526  ,2 177 098  ,4 312 624  ,+1.5     , 116 574 , 200 602 , 317 176 ,+0.7     ,,,,,,
,Aug,, 12 710  , 12 699  , 25 409  ,-0.6     ,2 053 668  ,2 002 647  ,4 056 315  ,-5.5     , 112 901 , 198 147 , 311 048 ,-3.8     ,,,,,,
,Sep,, 12 256  , 12 275  , 24 531  ,-0.5     ,1 740 560  ,1 791 770  ,3 532 330  ,-4.6     , 111 934 , 205 648 , 317 582 ,-7.3     ,,,,,,
,Oct,, 12 988  , 12 981  , 25 969  ,+0.8     ,2 004 086  ,1 949 857  ,3 953 943  ,-1.5     , 110 680 , 209 179 , 319 859 ,-9.3     ,,,,,,
,Nov,, 12 405  , 12 387  , 24 792  ,-1.4     ,1 848 194  ,1 855 153  ,3 703 347  ,-5.5     , 101 081 , 194 450 , 295 531 ,-18.8     ,,,,,,
,Dec,, 12 367  , 12 386  , 24 753  ,-3.3     ,1 960 593  ,1 958 952  ,3 919 545  ,-5.1     , 93 722 , 149 771 , 243 493 ,-28.0     ,,,,,,
2009,Jan,, 12 121  , 12 110  , 24 231  ,-2.1     ,1 847 357  ,2 037 214  ,3 884 571  ,+0.9     , 79 692 , 130 289 , 209 981 ,-28.9     ,,,,,,
,Feb,, 10 614  , 10 606  , 21 220  ,-10.5     ,1 704 849  ,1 548 504  ,3 253 353  ,-14.0     , 83 284 , 114 297 , 197 581 ,-19.8     ,,,,,,
,Mar,, 11 888  , 11 898  , 23 786  ,-7.5     ,1 895 295  ,1 906 364  ,3 801 659  ,-7.7     , 102 162 , 165 759 , 267 921 ,-19.8     ,,,,,,
,Apr,, 12 035  , 12 046  , 24 081  ,-3.7     ,2 061 094  ,2 072 120  ,4 133 214  ,+4.8     , 100 154 , 156 445 , 256 599 ,-19.9     ,,,,,,
,May,, 11 712  , 11 699  , 23 411  ,-9.2     ,1 739 160  ,1 769 457  ,3 508 617  ,-12.5     , 102 162 , 156 485 , 258 647 ,-17.7     ,,,,,,
,Jun,, 10 753  , 10 743  , 21 496  ,-13.3     ,1 605 696  ,1 614 833  ,3 220 529  ,-18.7     , 105 408 , 164 331 , 269 739 ,-13.5     ,,,,,,
,Jul,, 11 641  , 11 659  , 23 300  ,-10.0     ,1 944 748  ,1 977 040  ,3 921 788  ,-9.1     , 113 673 , 177 918 , 291 591 ,-8.1     ,,,,,,
,Aug,, 11 854  , 11 842  , 23 696  ,-6.7     ,2 124 738  ,2 075 480  ,4 200 218  ,+3.5     , 113 246 , 182 571 , 295 817 ,-4.9     ,,,,,,
,Sep,, 11 272  , 11 286  , 22 558  ,-8.0     ,1 669 139  ,1 763 006  ,3 432 145  ,-2.8     , 111 237 , 192 667 , 303 904 ,-4.3     ,,,,,,
,Oct,, 11 964  , 11 948  , 23 912  ,-7.9     ,1 950 671  ,1 873 430  ,3 824 101  ,-3.3     , 117 084 , 206 038 , 323 122 ,+1.0     ,,,,,,
,Nov,, 11 753  , 11 747  , 23 500  ,-5.2     ,1 868 035  ,1 872 810  ,3 740 845  ,+1.0     , 114 207 , 229 353 , 343 560 ,+16.3     ,,,,,,
,Dec,, 12 108  , 12 102  , 24 210  ,-2.2     ,2 034 469  ,2 040 278  ,4 074 747  ,+4.0     , 120 925 , 207 859 , 328 784 ,+35.0     ,,,,,,
2010,Jan,, 11 724  , 11 723  , 23 447  ,-3.2     ,1 906 253  ,1 913 801  ,3 820 054  ,-1.7     , 113 334 , 187 245 , 300 579 ,+43.1     ,,,,,,
,Feb,, 11 132  , 11 121  , 22 253  ,+4.9     ,1 903 106  ,1 932 304  ,3 835 410  ,+17.9     , 100 685 , 156 413 , 257 098 ,+30.1     ,,,,,,
,Mar,, 12 168  , 12 189  , 24 357  ,+2.4     ,1 996 482  ,2 056 281  ,4 052 763  ,+6.6     , 127 316 , 220 168 , 347 483 ,+29.7     ,,,,,,
,Apr,, 12 348  , 12 352  , 24 700  ,+2.6     ,2 066 587  ,2 011 508  ,4 078 095  ,-1.3     , 123 328 , 229 516 , 352 843 ,+37.5     ,,,,,,
,May,, 12 685  , 12 686  , 25 371  ,+8.4     ,1 989 423  ,2 040 482  ,4 029 905  ,+14.9     , 129 287 , 237 029 , 366 316 ,+41.6     ,,,,,,
,Jun,, 12 386  , 12 384  , 24 770  ,+15.2     ,2 026 111  ,2 070 870  ,4 096 981  ,+27.2     , 125 832 , 221 506 , 347 338 ,+28.8     ,,,,,,
,Jul,, 13 361  , 13 355  , 26 716  ,+14.7     ,2 282 784  ,2 343 553  ,4 626 337  ,+18.0     , 132 840 , 230 460 , 363 300 ,+24.6     ,,,,,,
,Aug,, 13 566  , 13 563  , 27 129  ,+14.5     ,2 318 179  ,2 272 106  ,4 590 285  ,+9.3     , 121 192 , 224 959 , 346 151 ,+17.0     ,,,,,,
,Sep,, 13 054  , 13 057  , 26 111  ,+15.8     ,1 961 220  ,2 055 165  ,4 016 385  ,+17.0     , 120 933 , 225 015 , 345 948 ,+13.8     ,,,,,,
,Oct,, 13 608  , 13 587  , 27 195  ,+13.7     ,2 164 533  ,2 098 364  ,4 262 897  ,+11.5     , 130 144 , 242 402 , 372 546 ,+15.3     ,,,,,,
,Nov,, 13 366  , 13 385  , 26 751  ,+13.8     ,2 009 235  ,2 027 892  ,4 037 127  ,+7.9     , 121 034 , 246 154 , 367 188 ,+6.9     ,,,,,,
,Dec,, 13 881  , 13 858  , 27 739  ,+14.6     ,2 163 237  ,2 165 676  ,4 328 913  ,+6.2     , 133 271 , 228 110 , 361 381 ,+9.9     ,,,,,,
2011,Jan,, 13 716  , 13 707  , 27 423  ,+17.0     ,2 018 970  ,2 188 292  ,4 207 262  ,+10.1     , 124 091 , 209 220 , 333 312 ,+10.9     ,,,,,,
,Feb,, 12 159  , 12 146  , 24 305  ,+9.2     ,2 019 211  ,1 889 523  ,3 908 734  ,+1.9     , 102 254 , 139 649 , 241 903 ,-5.9     ,,,,,,
,Mar,, 14 057  , 14 087  , 28 144  ,+15.5     ,2 043 980  ,2 071 634  ,4 115 614  ,+1.6     , 133 508 , 235 817 , 369 324 ,+6.3     ,,,,,,
,Apr,, 13 854  , 13 844  , 27 698  ,+12.1     ,2 180 834  ,2 238 351  ,4 419 185  ,+8.4     , 120 155 , 209 352 , 329 507 ,-6.6     ,,,,,,
,May,, 13 923  , 13 925  , 27 848  ,+9.8     ,2 128 754  ,2 138 563  ,4 267 317  ,+5.9     , 120 158 , 209 139 , 329 297 ,-10.1     ,,,,,,
,Jun,, 13 557  , 13 539  , 27 096  ,+9.4     ,2 155 051  ,2 173 686  ,4 328 737  ,+5.7     , 117 860 , 203 075 , 320 935 ,-7.6     ,,,,,,
,Jul,, 14 442  , 14 449  , 28 891  ,+8.1     ,2 408 153  ,2 487 279  ,4 895 432  ,+5.8     , 124 652 , 215 747 , 340 398 ,-6.3     ,,,,,,
,Aug,, 14 477  , 14 474  , 28 951  ,+6.7     ,2 487 664  ,2 410 109  ,4 897 773  ,+6.7     , 115 894 , 202 433 , 318 328 ,-8.0     ,,,,,,
,Sep,, 13 862  , 13 856  , 27 718  ,+6.2     ,2 069 126  ,2 176 596  ,4 245 722  ,+5.7     , 117 293 , 207 705 , 324 998 ,-6.1     ,,,,,,
,Oct,, 14 280  , 14 277  , 28 557  ,+5.0     ,2 295 964  ,2 229 015  ,4 524 979  ,+6.1     , 119 325 , 222 967 , 342 293 ,-8.1     ,,,,,,
,Nov,, 13 943  , 13 937  , 27 880  ,+4.2     ,2 119 774  ,2 137 734  ,4 257 508  ,+5.5     , 117 789 , 224 308 , 342 097 ,-6.8     ,,,,,,
,Dec,, 14 649  , 14 646  , 29 295  ,+5.6     ,2 334 448  ,2 350 007  ,4 684 455  ,+8.2     , 129 272 , 216 362 , 345 634 ,-4.4     ,,,,,,
2012,Jan,, 14 513  , 14 498  , 29 011  ,+5.8     ,2 330 233  ,2 461 330  ,4 791 563  ,+13.9     , 103 271 , 172 351 , 275 623 ,-17.3     ,,,,,,
,Feb,, 13 295  , 13 288  , 26 583  ,+9.4     ,2 027 056  ,1 967 589  ,3 994 645  ,+2.2     , 112 463 , 173 458 , 285 922 ,+18.2     ,,,,,,
,Mar,, 14 799  , 14 806  , 29 605  ,+5.2     ,2 232 679  ,2 319 542  ,4 552 221  ,+10.6     , 128 758 , 239 507 , 368 265 ,-0.3     ,,,,,,
,Apr,, 14 518  , 14 518  , 29 036  ,+4.8     ,2 409 398  ,2 390 691  ,4 800 089  ,+8.6     , 114 926 , 212 394 , 327 321 ,-0.7     ,,,,,,
,May,, 14 615  , 14 628  , 29 243  ,+5.0     ,2 228 770  ,2 241 565  ,4 470 335  ,+4.8     , 119 914 , 213 047 , 332 961 ,+1.1     ,,,,,,
,Jun,, 14 227  , 14 204  , 28 431  ,+4.9     ,2 275 492  ,2 321 499  ,4 596 991  ,+6.2     , 125 678 , 208 117 , 333 795 ,+4.0     ,,,,,,
,Jul,, 14 940  , 14 939  , 29 879  ,+3.4     ,2 448 576  ,2 513 292  ,4 961 868  ,+1.4     , 126 376 , 208 328 , 334 704 ,-1.7     ,,,,,,
,Aug,, 15 246  , 15 243  , 30 489  ,+5.3     ,2 585 672  ,2 540 398  ,5 126 070  ,+4.7     , 119 133 , 208 858 , 327 991 ,+3.0     ,,,,,,
,Sep,, 14 424  , 14 430  , 28 854  ,+4.1     ,2 093 402  ,2 241 837  ,4 335 239  ,+2.1     , 125 384 , 221 330 , 346 714 ,+6.7     ,,,,,,
,Oct,, 15 029  , 15 011  , 30 040  ,+5.2     ,2 393 540  ,2 250 711  ,4 644 251  ,+2.6     , 124 197 , 221 699 , 345 896 ,+1.1     ,,,,,,
,Nov,, 14 855  , 14 859  , 29 714  ,+6.6     ,2 250 167  ,2 255 939  ,4 506 106  ,+5.8     , 126 812 , 247 365 , 374 177 ,+9.4     ,,,,,,
,Dec,, 15 400  , 15 399  , 30 799  ,+5.1     ,2 419 130  ,2 457 175  ,4 876 305  ,+4.1     , 136 060 , 235 922 , 371 983 ,+7.6     ,,,,,,
2013,Jan,, 15 145  , 15 147  , 30 292  ,+4.4     ,2 242 322  ,2 302 117  ,4 544 439  ,-5.2     , 123 542 , 210 766 , 334 308 ,+21.3     ,,,,,,
,Feb,, 13 849  , 13 831  , 27 680  ,+4.1     ,2 312 388  ,2 304 793  ,4 617 181  ,+15.6     , 100 601 , 149 789 , 250 390 ,-12.4     ,,,,,,
,Mar,, 15 265  , 15 286  , 30 551  ,+3.2     ,2 382 897  ,2 563 481  ,4 946 378  ,+8.7     , 131 323 , 228 311 , 359 634 ,-2.3     ,,,,,,
,Apr,, 15 294  , 15 258  , 30 552  ,+5.2     ,2 479 143  ,2 386 476  ,4 865 619  ,+1.4     , 119 433 , 222 129 , 341 562 ,+4.4     ,,,,,,
,May,, 15 517  , 15 541  , 31 058  ,+6.2     ,2 318 202  ,2 345 076  ,4 663 278  ,+4.3     , 122 550 , 216 241 , 338 791 ,+1.8     ,,,,,,
,Jun,, 15 267  , 15 288  , 30 555  ,+7.5     ,2 442 046  ,2 513 188  ,4 955 234  ,+7.8     , 122 602 , 213 822 , 336 424 ,+0.8     ,,,,,,
,Jul,, 16 077  , 16 069  , 32 146  ,+7.6     ,2 628 771  ,2 725 633  ,5 354 404  ,+7.9     , 123 016 , 218 584 , 341 600 ,+2.1     ,,,,,,
,Aug,, 16 211  , 16 204  , 32 415  ,+6.3     ,2 815 176  ,2 734 813  ,5 549 989  ,+8.3     , 121 430 , 214 957 , 336 387 ,+2.6     ,,,,,,
,Sep,, 15 232  , 15 217  , 30 449  ,+5.5     ,2 317 578  ,2 439 360  ,4 756 938  ,+9.7     , 123 842 , 222 208 , 346 051 ,-0.2     ,,,,,,
,Oct,, 15 935  , 15 946  , 31 881  ,+6.1     ,2 543 301  ,2 432 859  ,4 976 160  ,+7.1     , 127 426 , 239 956 , 367 382 ,+6.2     ,,,,,,
,Nov,, 15 832  , 15 823  , 31 655  ,+6.5     ,2 413 987  ,2 426 441  ,4 840 428  ,+7.4     , 135 400 , 263 784 , 399 184 ,+6.7     ,,,,,,
,Dec,, 16 424  , 16 422  , 32 846  ,+6.6     ,2 590 469  ,2 613 010  ,5 203 479  ,+6.7     , 137 159 , 238 242 , 375 401 ,+0.9     ,,,,,,
2014,Jan,, 16 344  , 16 356  , 32 700  ,+7.9     ,2 411 670  ,2 679 594  ,5 091 264  ,+12.0     , 123 636 , 226 707 , 350 343 ,+4.8     ,,,,,,
,Feb,, 14 385  , 14 377  , 28 762  ,+3.9     ,2 484 996  ,2 241 160  ,4 726 156  ,+2.4     , 107 118 , 140 039 , 247 157 ,-1.3     ,,,,,,
,Mar,, 16 229  , 16 230  , 32 459  ,+6.2     ,2 524 215  ,2 578 786  ,5 103 001  ,+3.2     , 143 184 , 253 505 , 396 689 ,+10.3     ,,,,,,
,Apr,, 16 356  , 16 365  , 32 721  ,+7.1     ,2 642 678  ,2 696 769  ,5 339 447  ,+9.7     , 129 418 , 232 963 , 362 381 ,+6.1     ,,,,,,
,May,, 16 377  , 16 354  , 32 731  ,+5.4     ,2 531 077  ,2 567 704  ,5 098 781  ,+9.3     , 133 397 , 233 826 , 367 224 ,+8.4     ,,,,,,
,Jun,, 15 888  , 15 883  , 31 771  ,+4.0     ,2 561 527  ,2 599 831  ,5 161 358  ,+4.2     , 131 152 , 230 342 , 361 494 ,+7.5     ,,,,,,
,Jul,, 16 641  , 16 650  , 33 291  ,+3.6     ,2 732 053  ,2 835 877  ,5 567 930  ,+4.0     , 134 612 , 235 565 , 370 176 ,+8.4     ,,,,,,
,Aug,, 16 859  , 16 854  , 33 713  ,+4.0     ,2 924 815  ,2 829 471  ,5 754 286  ,+3.7     , 131 965 , 233 323 , 365 288 ,+8.6     ,,,,,,
,Sep,, 16 011  , 16 005  , 32 016  ,+5.1     ,2 419 809  ,2 584 752  ,5 004 561  ,+5.2     , 131 557 , 232 311 , 363 868 ,+5.1     ,,,,,,
,Oct,, 16 831  , 16 818  , 33 649  ,+5.5     ,2 730 852  ,2 606 393  ,5 337 245  ,+7.3     , 135 230 , 248 989 , 384 220 ,+4.6     ,,,,,,
,Nov,, 16 473  , 16 463  , 32 936  ,+4.0     ,2 551 592  ,2 558 924  ,5 110 516  ,+5.6     , 142 360 , 277 839 , 420 199 ,+5.3     ,,,,,,
,Dec,, 17 126  , 17 133  , 34 259  ,+4.3     ,2 793 371  ,2 813 108  ,5 606 479  ,+7.7     , 141 466 , 245 844 , 387 310 ,+3.2     ,,,,,,
2015,Jan,, 16 695  , 16 696  , 33 391  ,+2.1     ,2 595 373  ,2 592 581  ,5 187 954  ,+1.9     , 134 977 , 220 785 , 355 762 ,+1.5     ,,,,,,
,Feb,, 15 605  , 15 601  , 31 206  ,+8.5     ,2 624 177  ,2 772 766  ,5 396 943  ,+14.2     , 114 851 , 188 173 , 303 024 ,+22.6     ,,,,,,
,Mar,, 17 161  , 17 152  , 34 313  ,+5.7     ,2 853 250  ,2 846 211  ,5 699 461  ,+11.7     , 144 926 , 219 156 , 364 082 ,-8.2     ,,,,,,
,Apr,, 16 866  , 16 861  , 33 727  ,+3.1     ,2 913 567  ,2 883 805  ,5 797 372  ,+8.6     , 128 815 , 231 799 , 360 613 ,-0.5     ,,,,,,
,May,, 17 063  , 17 059  , 34 122  ,+4.2     ,2 838 931  ,2 878 212  ,5 717 143  ,+12.1     , 133 970 , 231 742 , 365 712 ,-0.4     ,,,,,,
,Jun,, 16 449  , 16 441  , 32 890  ,+3.5     ,2 737 213  ,2 794 920  ,5 532 133  ,+7.2     , 129 866 , 219 526 , 349 392 ,-3.3     ,,,,,,
,Jul,, 17 092  , 17 106  , 34 198  ,+2.7     ,2 885 446  ,3 026 396  ,5 911 842  ,+6.2     , 132 397 , 230 470 , 362 866 ,-2.0     ,,,,,,
,Aug,, 17 456  , 17 432  , 34 888  ,+3.5     ,3 191 510  ,3 068 192  ,6 259 702  ,+8.8     , 128 618 , 232 400 , 361 018 ,-1.2     ,,,,,,
,Sep,, 16 537  , 16 559  , 33 096  ,+3.4     ,2 563 951  ,2 745 276  ,5 309 227  ,+6.1     , 130 455 , 237 160 , 367 615 ,+1.0     ,,,,,,
,Oct,, 17 421  , 17 394  , 34 815  ,+3.5     ,2 950 147  ,2 792 728  ,5 742 875  ,+7.6     , 139 437 , 252 695 , 392 133 ,+2.1     ,,,,,,
,Nov,, 16 995  , 16 993  , 33 988  ,+3.2     ,2 772 220  ,2 787 098  ,5 559 318  ,+8.8     , 135 115 , 271 821 , 406 937 ,-3.2     ,,,,,,
,Dec,, 17 703  , 17 711  , 35 414  ,+3.4     ,2 946 625  ,3 010 687  ,5 957 312  ,+6.3     , 142 802 , 248 182 , 390 985 ,+0.9     ,,,,,,
2016,Jan,, 17 617  , 17 604  , 35 221  ,+5.5     ,2 905 384  ,2 974 781  ,5 880 165  ,+13.3     , 133 850 , 226 988 , 360 838 ,+1.4     ,,,,,,
,Feb,, 16 321  , 16 303  , 32 624  ,+4.5     ,2 862 357  ,2 799 093  ,5 661 450  ,+4.9     , 105 954 , 151 711 , 257 664 ,-15.0     ,,,,,,
,Mar,, 17 520  , 17 562  , 35 082  ,+2.2     ,2 910 911  ,3 064 261  ,5 975 172  ,+4.8     , 138 904 , 228 611 , 367 516 ,+0.9     ,,,,,,
,Apr,, 16 854  , 16 838  , 33 692  ,-0.1     ,2 969 968  ,2 912 250  ,5 882 218  ,+1.5     , 132 074 , 233 492 , 365 565 ,+1.4     ,,,,,,
,May,, 17 204  , 17 179  , 34 383  ,+0.8     ,2 879 429  ,2 918 209  ,5 797 638  ,+1.4     , 133 551 , 228 713 , 362 264 ,-0.9     ,,,,,,
,Jun ,, 16 871  , 16 910  , 33 781  ,+2.7     ,2 881 262  ,2 957 890  ,5 839 152  ,+5.5     , 135 950 , 232 022 , 367 972 ,+5.3     ,,,,,,
,Jul ,, 17 605  , 17 606  , 35 211  ,+3.0     ,3 068 952  ,3 203 910  ,6 272 862  ,+6.1     , 141 101 , 239 052 , 380 154 ,+4.8     ,,,,,,
,Aug,, 17 423  , 17 387  , 34 810  ,-0.2     ,3 150 587  ,2 977 909  ,6 128 496  ,-2.1     , 133 842 , 240 275 , 374 117 ,+3.6     ,,,,,,
,Sep,, 16 926  , 16 952  , 33 878  ,+2.4     ,2 669 072  ,2 792 648  ,5 461 720  ,+2.9     , 143 583 , 250 598 , 394 182 ,+7.2     ,,,,,,
,Oct ,, 17 325  , 17 290  , 34 615  ,-0.6     ,2 915 853  ,2 792 808  ,5 708 661  ,-0.6     , 149 380 , 270 793 , 420 173 ,+7.2     ,,,,,,
,Nov ,, 16 291  , 16 312  , 32 603  ,-4.1     ,2 685 849  ,2 683 867  ,5 369 716  ,-3.4     , 145 488 , 290 587 , 436 075 ,+7.2     ,,,,,,
,Dec ,, 17 836  , 17 830  , 35 666  ,+0.7     ,3 032 601  ,3 088 365  ,6 120 966  ,+2.7     , 154 653 , 279 854 , 434 507 ,+11.1     ,,,,,,
2017,Jan,, 17 654  , 17 660  , 35 314  ,+0.3     ,2 943 596  ,3 211 774  ,6 155 370  ,+4.7     , 128 070 , 245 162 , 373 232 ,+3.4     ,,,,,,
,Feb,, 15 632  , 15 610  , 31 242  ,-4.2     ,2 884 555  ,2 573 365  ,5 457 920  ,-3.6     , 126 060 , 168 295 , 294 355 ,+14.2     ,,,,,,
,Mar,, 17 616  , 17 644  , 35 260  ,+0.5     ,2 896 728  ,2 956 415  ,5 853 143  ,-2.0     , 154 310 , 278 682 , 432 992 ,+17.8     ,,,,,,
,Apr,, 17 380  , 17 371  , 34 751  ,+3.1     ,3 093 993  ,3 140 304  ,6 234 297  ,+6.0     , 135 865 , 262 042 , 397 907 ,+8.8     ,,,,,,
,May,, 17 716  , 17 715  , 35 431  ,+3.0     ,2 974 430  ,2 975 197  ,5 949 627  ,+2.6     , 138 282 , 270 477 , 408 759 ,+12.8     ,,,,,,
,Jun,, 17 302  , 17 294  , 34 596  ,+2.4     ,2 932 348  ,2 934 229  ,5 866 577  ,+0.5     , 141 886 , 268 355 , 410 240 ,+11.5     ,,,,,,
,Jul,, 18 130  , 18 144  , 36 274  ,+3.0     ,3 172 470  ,3 315 524  ,6 487 994  ,+3.4     , 148 656 , 274 004 , 422 660 ,+11.2     ,,,,,,
,Aug,, 17 805  , 17 796  , 35 601  ,+2.3     ,3 322 437  ,3 145 358  ,6 467 795  ,+5.5     , 143 574 , 268 266 , 411 840 ,+10.1     ,,,,,,
,Sep,, 17 319  , 17 316  , 34 635  ,+2.2     ,2 703 551  ,2 864 256  ,5 567 807  ,+1.9     , 147 654 , 280 633 , 428 288 ,+8.7     ,,,,,,
,Oct,, 18 008  , 17 983  , 35 991  ,+4.0     ,3 160 307  ,2 967 327  ,6 127 634  ,+7.3     , 147 835 , 282 106 , 429 941 ,+2.3     ,,,,,,
,Nov,, 17 453  , 17 463  , 34 916  ,+7.1     ,2 961 668  ,2 944 924  ,5 906 592  ,+10.0     , 152 471 , 313 193 , 465 664 ,+6.8     ,,,,,,
,Dec,, 18 324  , 18 324  , 36 648  ,+2.8     ,3 167 602  ,3 219 878  ,6 387 480  ,+4.4     , 159 237 , 302 314 , 461 550 ,+6.2     ,,,,,,
2018,Jan,, 18 011  , 17 997  , 36 008  ,+2.0     ,3 062 846  ,3 028 483  ,6 091 329  ,-1.0     , 143 773 , 265 646 , 409 419 ,+9.7     ,,,,,,
,Feb,, 16 169  , 16 164  , 32 333  ,+3.5     ,2 883 759  ,2 917 780  ,5 801 539  ,+6.3     , 121 073 , 192 859 , 313 932 ,+6.7     ,,,,,,
,Mar,, 18 113  , 18 139  , 36 252  ,+2.8     ,3 118 370  ,3 250 254  ,6 368 624  ,+8.8     , 162 753 , 258 988 , 421 741 ,-2.6     ,,,,,,
,Apr,, 17 701  , 17 676  , 35 377  ,+1.8     ,3 190 903  ,3 084 314  ,6 275 217  ,+0.7     , 145 870 , 273 854 , 419 724 ,+5.5     ,,,,,,
,May,, 17 999  , 17 999  , 35 998  ,+1.6     ,2 995 211  ,3 018 706  ,6 013 917  ,+1.1     , 148 006 , 280 265 , 428 271 ,+4.8     ,,,,,,
,Jun,, 17 666  , 17 674  , 35 340  ,+2.2     ,3 054 597  ,3 126 690  ,6 181 287  ,+5.4     , 150 890 , 265 120 , 416 010 ,+1.4     ,,,,,,
,Jul,, 18 352  , 18 347  , 36 699  ,+1.2     ,3 257 303  ,3 375 895  ,6 633 198  ,+2.2     , 153 706 , 271 127 , 424 833 ,+0.5     ,,,,,,
,Aug,, 18 487  , 18 479  , 36 966  ,+3.8     ,3 486 029  ,3 331 597  ,6 817 626  ,+5.4     , 150 773 , 272 572 , 423 345 ,+2.8     ,,,,,,
,Sep,, 16 855  , 16 867  , 33 722  ,-2.6     ,2 706 750  ,2 833 151  ,5 539 901  ,-0.5     , 148 879 , 274 415 , 423 294 ,-1.2     ,,,,,,
,Oct,, 18 271  , 18 245  , 36 516  ,+1.5     ,3 176 375  ,2 974 104  ,6 150 479  ,+0.4     , 152 730 , 290 950 , 443 681 ,+3.2     ,,,,,,
,Nov,, 17 714  , 17 737  , 35 451  ,+1.5     ,3 004 300  ,2 973 557  ,5 977 857  ,+1.2     , 150 699 , 304 682 , 455 381 ,-2.2     ,,,,,,
,Dec,, 18 561  , 18 543  , 37 104  ,+1.2     ,3 246 289  ,3 262 566  ,6 508 855  ,+1.9     , 151 946 , 286 277 , 438 223 ,-5.1     ,,,,,,
2019,Jan,, 18 263  , 18 271  , 36 534  ,+1.5     ,3 174 686  ,3 285 507  ,6 460 193  ,+6.1     , 133 183 , 259 569 , 392 752 ,-4.1     ,,,,,,
,Feb,, 16 219  , 16 217  , 32 436  ,+0.3     ,3 039 630  ,2 827 076  ,5 866 706  ,+1.1     , 109 996 , 159 407 , 269 403 ,-14.2     ,,,,,,
,Mar,, 18 371  , 18 381  , 36 752  ,+1.4     ,3 170 973  ,3 225 933  ,6 396 906  ,+0.4     , 147 360 , 274 847 , 422 207 ,+0.1     ,,,,,,
,Apr,, 17 843  , 17 823  , 35 666  ,+0.8     ,3 224 183  ,3 240 153  ,6 464 336  ,+3.0     , 130 021 , 255 013 , 385 034 ,-8.3     ,,,,,,
,May,, 18 152  , 18 161  , 36 313  ,+0.9     ,3 091 554  ,3 118 381  ,6 209 935  ,+3.3     , 135 693 , 260 049 , 395 742 ,-7.6     ,,,,,,
,Jun,, 17 643  , 17 657  , 35 300  ,-0.1     ,3 140 102  ,3 179 588  ,6 319 690  ,+2.2     , 133 290 , 245 852 , 379 142 ,-8.9     ,,,,,,
,Jul,, 18 427  , 18 426  , 36 853  ,+0.4     ,3 294 501  ,3 407 575  ,6 702 076  ,+1.0     , 135 148 , 256 867 , 392 016 ,-7.7     ,,,,,,
,Aug,, 17 857  , 17 820  , 35 677  ,-3.5     ,3 071 268  ,2 894 487  ,5 965 755  ,-12.5     , 127 240 , 251 099 , 378 339 ,-10.6     ,,,,,,
,Sep,, 16 691  , 16 707  , 33 398  ,-1.0     ,2 362 710  ,2 472 443  ,4 835 153  ,-12.7     , 135 028 , 262 098 , 397 126 ,-6.2     ,,,,,,
,Oct,, 17 177  , 17 162  , 34 339  ,-6.0     ,2 767 962  ,2 584 921  ,5 352 883  ,-13.0     , 138 643 , 280 586 , 419 228 ,-5.5     ,,,,,,
,Nov,, 16 266  , 16 262  , 32 528  ,-8.2     ,2 493 253  ,2 520 669  ,5 013 922  ,-16.1     , 139 834 , 299 704 , 439 538 ,-3.5     ,,,,,,
,Dec,, 16 995  , 17 004  , 33 999  ,-8.4     ,2 826 432  ,2 873 565  ,5 699 997  ,-12.4     , 141 384 , 291 678 , 433 062 ,-1.2     ,,,,,,
2020,Jan,, 16 618  , 16 608  , 33 226  ,-9.1     ,2 779 209  ,2 922 579  ,5 701 788  ,-11.7     , 115 710 , 235 638 , 351 348 ,-10.5     ,,,,,,
,Feb,, 9 029  , 8 992  , 18 021  ,-44.4     ,1 005 112  , 872 606  ,1 877 718  ,-68.0     , 114 923 , 131 621 , 246 544 ,-8.5     ,,,,,,
,Mar,, 6 106  , 6 029  , 12 135  ,-67.0     , 349 248  , 226 577  , 575 825  ,-91.0     , 123 634 , 251 027 , 374 661 ,-11.3     ,,,,,,
,Apr,, 4 705  , 4 736  , 9 441  ,-73.5     , 19 664  , 12 075  , 31 739  ,-99.5     , 98 730 , 235 827 , 334 557 ,-13.1     ,,,,,,
,May,#, 5 678  , 5 677  , 11 355  ,-68.7     , 24 000  , 11 000  , 35 000  ,-99.4     , 110 500 , 263 500 , 374 000 ,-5.5     ,,,,,,
,Jun,#, 4 973  , 4 972  , 9 945  ,-71.8     , 37 000  , 22 000  , 59 000  ,-99.1     , 113 000 , 241 000 , 354 000 ,-6.6     ,,,,,,
,,,,,,,,,,,,,,,,,,,,
,,,,,,,,,,,,,,,,,,,,
Notes : *  Hong Kong International Airport at Chek Lap Kok commenced operation on 6 July 1998.,,,,,,,,,,,,,,,,,,,,
          @ arrival and departure passengers include transfer but exclude transit,,,,,,,,,,,,,,,,,,,,
           β the amount of freight excludes air mail,,,,,,,,,,,,,,,,,,,,
           #  provisional figures,,,,,,,,,,,,,,,,,,,,
           §  revised figures,,,,,,,,,,,,,,,,,,,,
           ¶  incomplete yearly total; percentage changes derived from same period over last year,,,,,,,,,,,,,,,,,,,,
           Figures may not add up to the respective totals due to rounding.,,,,,,,,,,,,,,,,,,,,
           Year-on-year percentage changes are derived from unrounded figures.,,,,,,,,,,,,,,,,,,,,
,,,,,,,,,,,,,,,,,,,,
Source : Airport Authority Hong Kong,,,,,,,,,,,,,,,,,,,,
,,,,,,,,,,,,,,,,,,,,
,,,,,,,,,,,,,,,,,,,,
,,,,,,,,,,,,,,,,,,,,
,,,,,,,,,,,,,,,,,,,,
,,,,,,,,,,,,,,,,,,,,
,,,,,,,,,,,,,,,,,,,,
,,,,,,,,,,,,,,,,,,,,
,,,,,,,,,,,,,,,,,,,,
,,,,,,,,,,,,,,,,,,,,
,,,,,,,,,,,,,,,,,,,,
,,,,,,,,,,,,,,,,,,,,
,,,,,,,,,,,,,,,,,,,,
,,,,,,,,,,,,,,,,,,,,
,,,,,,,,,,,,,,,,,,,,
,,,,,,,,,,,,,,,,,,,,
,,,,,,,,,,,,,,,,,,,,
,,,,,,,,,,,,,,,,,,,,
,,,,,,,,,,,,,,,,,,,,
,,,,,,,,,,,,,,,,,,,,
,,,,,,,,,,,,,,,,,,,,
,,,,,,,,,,,,,,,,,,,,
,,,,,,,,,,,,,,,,,,,,
,,,,,,,,,,,,,,,,,,,,
,,,,,,,,,,,,,,,,,,,,
,,,,,,,,,,,,,,,,,,,,
,,,,,,,,,,,,,,,,,,,,
,,,,,,,,,,,,,,,,,,,,
,,,,,,,,,,,,,,,,,,,,
,,,,,,,,,,,,,,,,,,,,
,,,,,,,,,,,,,,,,,,,,
,,,,,,,,,,,,,,,,,,,,
,,,,,,,,,,,,,,,,,,,,